{
    "xinchaoban": "Xin chào bạn.",
    "xinchao": "Xin chào.",
    "chaoban": "Chào bạn.",
    "chaocacban": "Chào các bạn.",
    "chaoanh": "Chào anh.",
    "chaochi": "Chào chị.",
    "chaoem": "Chào em.",
    "chaothay": "Chào thầy.",
    "chaoco": "Chào cô.",
    "chaobuoisang": "Chào buổi sáng.",
    "chaobuoitrua": "Chào buổi trưa.",
    "chaobuoichieu": "Chào buổi chiều.",
    "chaobuoitoi": "Chào buổi tối.",
    "tamviet": "Tạm biệt.",
    "tambietnhe": "Tạm biệt nhé.",
    "hengaplai": "Hẹn gặp lại.",
    "hengaplaisom": "Hẹn gặp lại sớm.",
    "chucngungon": "Chúc ngủ ngon.",
    "chucmotngaytotlanh": "Chúc một ngày tốt lành.",
    "bankhoekhong": "Bạn khỏe không?",
    "anhkhoekhong": "Anh khỏe không?",
    "chikhoekhong": "Chị khỏe không?",
    "toikhoe": "Tôi khỏe.",
    "minhkhoevaanhcungvay": "Mình khỏe và anh cũng vậy.",
    "camonconban": "Cảm ơn, còn bạn?",
    "homnaytheonao": "Hôm nay thế nào?",
    "moithuyenthenao": "Mọi thứ thế nào?",
    "moithuvanchuot": "Mọi thứ vẫn ổn.",
    "toivanchuot": "Tôi vẫn ổn.",
    "toikhoeminhthayratot": "Tôi khỏe, mình thấy rất tốt.",
    "toibinhthuong": "Tôi bình thường.",
    "khongtoilam": "Không tồi lắm.",
    "camonbandaquanvantoi": "Cảm ơn bạn đã quan tâm tôi.",
    "toion": "Tôi ổn.",
    "ratvuiduocgapban": "Rất vui được gặp bạn.",
    "ratvuikhiquenban": "Rất vui khi quen bạn.",
    "banlamgido": "Bạn làm gì đó?",
    "banangido": "Bạn ăn gì đó?",
    "toitenla": "Tôi tên là.",
    "bantengila": "Bạn tên gì là?",
    "toiladen": "Tôi đến từ.",
    "banoau": "Bạn ở đâu?",
    "bansonau": "Bạn sống ở đâu?",
    "toiladangsinhvien": "Tôi là sinh viên.",
    "toilanguoivietnam": "Tôi là người Việt Nam.",
    "bantulanaoden": "Bạn từ nước nào đến?",
    "banlamngig": "Bạn làm nghề gì?",
    "bancothegiuptoikhong": "Bạn có thể giúp tôi không?",
    "chotoimotgiay": "Cho tôi một giây.",
    "toidangbantoi": "Tôi đang bận tối.",
    "camon": "Cảm ơn.",
    "camonban": "Cảm ơn bạn.",
    "camonratnhieu": "Cảm ơn rất nhiều.",
    "dacamnonbandagiuptoimotlan": "Đã cảm ơn bạn đã giúp tôi một lần.",
    "xl": "Xin lỗi.",
    "xinloi": "Xin lỗi.",
    "xinloivitoitre": "Xin lỗi vì tôi trễ.",
    "khongcogi": "Không có gì.",
    "banlamtoithayngacnhien": "Bạn làm tôi thấy ngạc nhiên.",
    "dunglo": "Đừng lo.",
    "duocthoi": "Được thôi.",
    "dongy": "Đồng ý.",
    "khongdongy": "Không đồng ý.",
    "dungroi": "Đúng rồi.",
    "khongphai": "Không phải.",
    "chacchanroi": "Chắc chắn rồi.",
    "totlam": "Tốt lắm!",
    "toikhongbiet": "Tôi không biết.",
    "toikhonghieulamlap": "Tôi không hiểu lắm lắm.",
    "bancothelaplaikhong": "Bạn có thể lặp lại không?",
    "bancothethoinhamlai": "Bạn có thể nói chậm lại?",
    "giuptoivoi": "Giúp tôi với!",
    "lamon": "Làm ơn.",
    "lamontattoi": "Làm ơn, đợi tôi.",
    "banlamoncodulocoi": "Bạn làm ơn có đủ lại coi.",
    "mocua": "Mở cửa.",
    "dongcua": "Đóng cửa.",
    "batden": "Bật đèn.",
    "tatden": "Tắt đèn.",
    "toithichlam": "Tôi thích làm.",
    "toikhongthich": "Tôi không thích.",
    "toithich": "Tôi thích.",
    "toikhongthichlamviecnhieungay": "Tôi không thích làm việc nhiều ngày.",
    "nhatrongban": "Nhà bạn ở đâu?",
    "nhabancobantaynguoi": "Nhà bạn có bao nhiêu người?",
    "bancogialai": "Bạn có gia đình chưa?",
    "toicobagiola": "Tôi có ba giờ là.",
    "toichuacogiaingday": "Tôi chưa có gì cả đây.",
    "anhchibancobantaytuoi": "Anh, chị bạn có bao nhiêu tuổi?",
    "bancothuocngaynaikhong": "Bạn có thú cưng nào không?",
    "bancoanhchiemkhong": "Bạn có anh, chị, em không?",
    "bancoemgai": "Bạn có em gái?",
    "bancoanhhai": "Bạn có anh hai?",
    "bancoemtrai": "Bạn có em trai?",
    "bancochigaichuong": "Bạn có chị gái chưa?",
    "bancobanchuongchua": "Bạn có bạn trai, bạn gái chưa?",
    "bancobandoi": "Bạn có bạn đời?",
    "bancobannhieukhong": "Bạn có bạn nhiều không?",
    "chuta": "Chúng ta.",
    "toivaban": "Tôi và bạn.",
    "chungtala": "Chúng ta là.",
    "bancungtotlam": "Bạn cũng tốt lắm.",
    "bancothegichodoikhong": "Bạn có thể ghé chỗ đói không?",
    "bancanhaykhong": "Bạn có nhạy không?",
    "bancunglamotnguoibantot": "Bạn cũng là một người bạn tốt.",
    "chungtaancomnhe": "Chúng ta ăn cơm nhé?",
    "homnaychungtatoidichoi": "Hôm nay chúng ta đi chơi.",
    "banchuyendung": "Bạn chuyên dụng?",
    "bannghethongtin": "Bạn nghe thông tin.",
    "bantungdiau": "Bạn từng đi đâu?",
    "bandidauroi": "Bạn đi đâu rồi?",
    "bancoquyhoachchuyendithuongxuyenkhong": "Bạn có quy hoạch chuyến đi thường xuyên không?",
    "bantoidaau": "Bạn đã đi đâu?",
    "bancoanhhuonggihomnay": "Bạn có ảnh hưởng gì hôm nay?",
    "toithichanmonvietnam": "Tôi thích ăn món Việt Nam.",
    "banthichancom": "Bạn thích ăn cơm?",
    "banthichangigila": "Bạn thích ăn gì là?",
    "banuonggido": "Bạn uống gì đó?",
    "toimuonan": "Tôi muốn ăn.",
    "toimuonuongnuoc": "Tôi muốn uống nước.",
    "toidoi": "Tôi đói.",
    "toikhat": "Tôi khát.",
    "ancom": "Ăn cơm.",
    "ansang": "Ăn sáng.",
    "antrua": "Ăn trưa.",
    "antoi": "Ăn tối.",
    "ancomchua": "Ăn cơm chưa?",
    "antruachua": "Ăn trưa chưa?",
    "antouichua": "Ăn tối chưa?",
    "choanmotphut": "Cho ăn một phút.",
    "toichuabaogio": "Tôi chưa bao giờ.",
    "goimon": "Gọi món.",
    "toimuongimonan": "Tôi muốn gọi món ăn.",
    "chotoimotlytrasua": "Cho tôi một ly trà sữa.",
    "chotoimotlycafe": "Cho tôi một ly cà phê.",
    "chotoimotnuocloc": "Cho tôi một nước lọc.",
    "bancoanhui": "Bạn có ăn gì?",
    "bancouonggido": "Bạn có uống gì đó?",
    "toikhongmuonan": "Tôi không muốn ăn.",
    "toikhongmuonuong": "Tôi không muốn uống.",
    "tintuongtoichua": "Tin tưởng tôi chưa?",
    "monnayngonqua": "Món này ngon quá!",
    "monnay": "Món này.",
    "tintuongngon": "Tin tưởng ngon.",
    "goimonancung": "Gọi món ăn cùng.",
    "tinhtien": "Tính tiền.",
    "toamuontinhtien": "Tôi muốn tính tiền.",
    "tongcongbanh": "Tổng cộng bao nhiêu?",
    "banancomicung": "Bạn ăn cơm với ai?",
    "homnaybancomonan": "Hôm nay bạn có món ăn.",
    "bancanhanmonnaykhong": "Bạn có cần ăn món này không?",
    "homnaylamviecocon": "Hôm nay làm việc ở công ty.",
    "homnaybandilamkhong": "Hôm nay bạn đi làm không?",
    "homnaybanconngaynghi": "Hôm nay bạn có ngày nghỉ?",
    "toidangdilam": "Tôi đang đi làm.",
    "toidanghoc": "Tôi đang học.",
    "banlamviecoau": "Bạn làm việc ở đâu?",
    "banhoctruongnay": "Bạn học trường này?",
    "cota": "Có ta.",
    "khongco": "Không có.",
    "baihopnghe": "Bài học nghe.",
    "baihockhuya": "Bài học khuya.",
    "baihoctoi": "Bài học tối.",
    "baitapnhieukhong": "Bài tập nhiều không?",
    "thitoikho": "Thi tôi khó.",
    "toithitotlam": "Tôi thi tốt lắm.",
    "banduhoctron": "Bạn đi học tròn.",
    "bancophaiontapkhong": "Bạn có phải ôn tập không?",
    "toimuonxinnghi": "Tôi muốn xin nghỉ.",
    "toicochuyendi": "Tôi có chuyến đi.",
    "bancothegiuptoiduocma": "Bạn có thể giúp tôi được mà.",
    "toidangtimvieclammoi": "Tôi đang tìm việc làm mới.",
    "congviecbancoapluckhong": "Công việc bạn có áp lực không?",
    "toidangratban": "Tôi đang rất bận.",
    "chucbandatketquatot": "Chúc bạn đạt kết quả tốt.",
    "chucbanduocxuatuytuyetvoi": "Chúc bạn được xuất uy tuyệt vời.",
    "chucbanmaysom": "Chúc bạn may mắn.",
    "toikhonghieulamlap": "Tôi không hiểu lắm lắm.",
    "toimuonhoi": "Tôi muốn hỏi.",
    "chotoihoi": "Cho tôi hỏi.",
    "duongnaydiau": "Đường này đi đâu?",
    "lamontoitoi": "Làm ơn, chỉ tôi tới.",
    "diangnay": "Đi thẳng ngay.",
    "queotrai": "Quẹo trái.",
    "queophai": "Quẹo phải.",
    "dithangroirephai": "Đi thẳng rồi rẽ phải.",
    "rephaiotaigay": "Rẽ phải ở ngã tư này.",
    "ramotphut": "Ra một phút.",
    "toimuongdi": "Tôi muốn đi.",
    "bancothechitoivekhong": "Bạn có thể chỉ tôi về không?",
    "gaixe": "Ga xe.",
    "benxe": "Bến xe.",
    "chotoihoiau": "Cho tôi hỏi ở đâu?",
    "toimuonden": "Tôi muốn đến.",
    "ditoiday": "Đi tới đây.",
    "toikhoaau": "Tôi khó ở đâu?",
    "ditoiday": "Đi tới đây.",
    "bandidaubaygio": "Bạn đi đâu bây giờ?",
    "toidangroi": "Tôi đang rời.",
    "bancanphuongtienkhong": "Bạn cần phương tiện không?",
    "toimuondixe": "Tôi muốn đi xe.",
    "oaucochoxetaxinhat": "Ở đâu có chỗ xe taxi nhất?",
    "chotoi": "Chờ tôi.",
    "ditoidaibaygio": "Đi tới đâu bây giờ?",
    "bandenrola": "Bạn đến rồi à.",
    "toiratvui": "Tôi rất vui.",
    "toidangbuon": "Tôi đang buồn.",
    "toimetqua": "Tôi mệt quá.",
    "toicanduoinghi": "Tôi cần được nghỉ.",
    "toirattot": "Tôi rất tốt.",
    "toidangcangat": "Tôi đang căng thẳng.",
    "toikhonghieulamlap": "Tôi không hiểu lắm lắm.",
    "toivay": "Tôi vậy.",
    "toibinhthan": "Tôi bình thản.",
    "toivancuot": "Tôi vẫn ổn.",
    "toiratthich": "Tôi rất thích.",
    "toiraty": "Tôi rất yêu.",
    "toithuongyeuban": "Tôi thương yêu bạn.",
    "bancodaydukhong": "Bạn có đầy đủ không?",
    "chucmungban": "Chúc mừng bạn.",
    "toicodon": "Tôi cô đơn.",
    "toikhongvui": "Tôi không vui.",
    "toihyvong": "Tôi hy vọng.",
    "toikhongco": "Tôi không có.",
    "toikhongbietgi": "Tôi không biết gì.",
    "banconhieuvieclam": "Bạn có nhiều việc làm.",
    "toicophainghingoi": "Tôi có phải nghỉ ngơi.",
    "toitotlam": "Tôi tốt lắm.",
    "toirathao": "Tôi rất háo.",
    "toicogang": "Tôi cố gắng.",
    "bancopha": "Bạn có phải.",
    "bancothichlam": "Bạn có thích làm.",
    "bancochu": "Bạn có chữ.",
    "caunaybaonhieutien": "Cái này bao nhiêu tiền?",
    "cainaygia": "Cái này giá.",
    "cainay": "Cái này.",
    "cotangiamgiakhong": "Có đang giảm giá không?",
    "co": "Có.",
    "khong": "Không.",
    "toimuonmua": "Tôi muốn mua.",
    "toikhongmuanmua": "Tôi không muốn mua.",
    "toicangia": "Tôi cần giá.",
    "bande": "Bạn để.",
    "bancochu": "Bạn có chữ.",
    "cuahangnay": "Cửa hàng này.",
    "cothekhong": "Có thể không?",
    "khongthe": "Không thể.",
    "thanhkhieu": "Thanh toán.",
    "toimuonthanhtoan": "Tôi muốn thanh toán.",
    "thanhkheubangtienmat": "Thanh toán bằng tiền mặt.",
    "thanhkheubangthe": "Thanh toán bằng thẻ.",
    "giadugoc": "Giá đỡ gốc.",
    "toikho": "Tôi có.",
    "bancocant": "Bạn có cân.",
    "chuyendung": "Chuyên dùng.",
    "toimuonthay": "Tôi muốn thay.",
    "toimuongiula": "Tôi muốn giữ lại.",
    "bancothu": "Bạn có thử.",
    "tuyetvoi": "Tuyệt vời.",
    "lamgido": "Làm gì đó.",
    "bancothegiuptoikhong": "Bạn có thể giúp tôi không?",
    "maytinhnay": "Máy tính này.",
    "dienthoainay": "Điện thoại này.",
    "mangyeuqua": "Mạng yếu quá.",
    "mangmanh": "Mạng mạnh.",
    "wifi": "Wi-Fi.",
    "bancowifikhong": "Bạn có Wi-Fi không?",
    "matkhauwifi": "Mật khẩu Wi-Fi.",
    "toicanketnoi": "Tôi cần kết nối.",
    "toikhongketnooi": "Tôi không kết nối.",
    "bancothechotoimatkhau": "Bạn có thể cho tôi mật khẩu?",
    "maytinhhu": "Máy tính hư.",
    "dienthoaihong": "Điện thoại hỏng.",
    "bancochu": "Bạn có chữ.",
    "toidangtai": "Tôi đang tải.",
    "toidangxem": "Tôi đang xem.",
    "toidangnghe": "Tôi đang nghe.",
    "toidanggoi": "Tôi đang gọi.",
    "toidanggui": "Tôi đang gửi.",
    "toidangnhan": "Tôi đang nhận.",
    "bancothexem": "Bạn có thể xem.",
    "bancothenghe": "Bạn có thể nghe.",
    "bancothegoi": "Bạn có thể gọi.",
    "bancothegui": "Bạn có thể gửi.",
    "bancothenhan": "Bạn có thể nhận.",
    "toitaimotphut": "Tôi đợi một phút.",
    "nghethongtin": "Nghe thông tin.",
    "maytinhlamviectot": "Máy tính làm việc tốt.",
    "dienthoaicung": "Điện thoại cũng.",
    "maytinhnhanh": "Máy tính nhanh.",
    "maytinhcham": "Máy tính chậm.",
    "ditangngay": "Đi thẳng ngay.",
    "oauco": "Ở đâu có.",
    "banlamo": "Bạn làm ở.",
    "minhtichlam": "Mình thích lắm.",
    "toihiu": "Tôi hiểu.",
    "toikhonghiu": "Tôi không hiểu.",
    "chotoi": "Cho tôi.",
    "toimuon": "Tôi muốn.",
    "lamviec": "Làm việc.",
    "hocbai": "Học bài.",
    "dichoi": "Đi chơi.",
    "nghingoi": "Nghỉ ngơi.",
    "ngaysang": "Ngày sáng.",
    "ngaytoi": "Ngày tối.",
    "dihoc": "Đi học.",
    "didao": "Đi dạo.",
    "banan": "Bạn ăn.",
    "anngon": "Ăn ngon.",
    "monankieu": "Món ăn kiểu.",
    "monanviet": "Món ăn Việt.",
    "monhan": "Món Hàn.",
    "monnhat": "Món Nhật.",
    "monau": "Món Âu.",
    "bandu": "Bạn đi.",
    "baygio": "Bây giờ.",
    "homnay": "Hôm nay.",
    "ngaymai": "Ngày mai.",
    "homqua": "Hôm qua.",
    "toicho": "Tôi cho.",
    "banduoc": "Bạn được.",
    "toidichoi": "Tôi đi chơi.",
    "nhabant": "Nhà bạn ở.",
    "toikhong": "Tôi không.",
    "toilam": "Tôi làm.",
    "nhabanto": "Nhà bạn to.",
    "toiviet": "Tôi viết.",
    "toidoc": "Tôi đọc.",
    "toinghe": "Tôi nghe.",
    "toinho": "Tôi nhớ.",
    "toikhongnho": "Tôi không nhớ.",
    "bancothe": "Bạn có thể.",
    "bancothe": "Bạn có thể.",
    "lamgido": "Làm gì đó.",
    "dithang": "Đi thẳng.",
    "queotrai": "Quẹo trái.",
    "queophai": "Quẹo phải.",
    "oau": "Ở đâu.",
    "ditoidau": "Đi tới đâu.",
    "toiyeu": "Tôi yêu.",
    "toithuong": "Tôi thương.",
    "toigiai": "Tôi giận.",
    "toicai": "Tôi cái.",
    "caiu": "Cái này.",
    "caiu": "Cái đó.",
    "cainay": "Cái này.",
    "giamgia": "Giảm giá.",
    "nhanh": "Nhanh.",
    "cham": "Chậm.",
    "thongminh": "Thông minh.",
    "daitra": "Dại trai.",
    "maytinh": "Máy tính.",
    "dienthoai": "Điện thoại.",
    "toimuon": "Tôi muốn.",
    "toikhong": "Tôi không.",
    "toiyeu": "Tôi yêu.",
    "toi": "Tôi.",
    "ban": "Bạn.",
    "chungtoi": "Chúng tôi.",
    "chungta": "Chúng ta.",
    "anh": "Anh.",
    "chi": "Chị.",
    "em": "Em.",
    "thay": "Thầy.",
    "co": "Cô.",
    "ong": "Ông.",
    "ba": "Bà.",
    "cha": "Cha.",
    "me": "Mẹ.",
    "con": "Con.",
    "chao": "Chào.",
    "xin": "Xin.",
    "hoi": "Hỏi.",
    "trauoi": "Trà ơi.",
    "caive": "Cà phê.",
    "nuocloc": "Nước lọc.",
    "bia": "Bia.",
    "ruou": "Rượu.",
    "com": "Cơm.",
    "pho": "Phở.",
    "bun": "Bún.",
    "mi": "Mì.",
    "chao": "Cháo.",
    "sup": "Súp.",
    "xoi": "Xôi.",
    "banhmi": "Bánh mì.",
    "trangmieng": "Tráng miệng.",
    "kem": "Kem.",
    "che": "Chè.",
    "banco": "Bạn có.",
    "toicovai": "Tôi có vài.",
    "toicotien": "Tôi có tiền.",
    "khongcotien": "Không có tiền.",
    "tienmat": "Tiền mặt.",
    "the": "Thẻ.",
    "may": "Mấy.",
    "mot": "Một.",
    "hai": "Hai.",
    "ba": "Ba.",
    "bon": "Bốn.",
    "nam": "Năm.",
    "sau": "Sáu.",
    "bay": "Bảy.",
    "tam": "Tám.",
    "chin": "Chín.",
    "muoi": "Mười.",
    "mottram": "Một trăm.",
    "mottraun": "Một triệu.",
    "homnay": "Hôm nay.",
    "ngaymai": "Ngày mai.",
    "homqua": "Hôm qua.",
    "baygio": "Bây giờ.",
    "saukhong": "Sau không.",
    "truockhong": "Trước không.",
    "sauu": "Sau đó.",
    "truouu": "Trước đó.",
    "tuan": "Tuần.",
    "thang": "Tháng.",
    "nam": "Năm.",
    "motngay": "Một ngày.",
    "motthang": "Một tháng.",
    "motnam": "Một năm.",
    "toichuot": "Tôi ổn.",
    "banlamgi": "Bạn làm gì?",
    "banhogi": "Bạn hỏi gì?",
    "toidangdocbao": "Tôi đang đọc báo.",
    "toidangnghenhac": "Tôi đang nghe nhạc.",
    "toidangxemphim": "Tôi đang xem phim.",
    "toidangchoigame": "Tôi đang chơi game.",
    "toidangnauan": "Tôi đang nấu ăn.",
    "toidangquetnha": "Tôi đang quét nhà.",
    "toidanggiatdo": "Tôi đang giặt đồ.",
    "toidangruabat": "Tôi đang rửa bát.",
    "toidangditapgym": "Tôi đang đi tập gym.",
    "toidangchaybo": "Tôi đang chạy bộ.",
    "toidangboiloi": "Tôi đang bơi lội.",
    "toidangdidao": "Tôi đang đi dạo.",
    "toidangngutrua": "Tôi đang ngủ trưa.",
    "toidangngu": "Tôi đang ngủ.",
    "toidangthucday": "Tôi đang thức dậy.",
    "toidangvesinhcanhan": "Tôi đang vệ sinh cá nhân.",
    "toidangthaydo": "Tôi đang thay đồ.",
    "toidanglaiy": "Tôi đang lái xe.",
    "toidangdibo": "Tôi đang đi bộ.",
    "toidangdibangphuongtiencongcong": "Tôi đang đi bằng phương tiện công cộng.",
    "toidangcho": "Tôi đang chờ.",
    "bananngonmiengnhe": "Bạn ăn ngon miệng nhé.",
    "chucmotbuoitoivuive": "Chúc một buổi tối vui vẻ.",
    "chucngon": "Chúc ngủ ngon.",
    "chucngaymoihanhphuc": "Chúc ngày mới hạnh phúc.",
    "homnaytroidepnhi": "Hôm nay trời đẹp nhỉ.",
    "homnaytroimuanhi": "Hôm nay trời mưa nhỉ.",
    "homnaytroinongqua": "Hôm nay trời nóng quá.",
    "homnaytroilanhqua": "Hôm nay trời lạnh quá.",
    "banthichthoitietnaykhong": "Bạn thích thời tiết này không?",
    "toiratthichthoitietnay": "Tôi rất thích thời tiết này.",
    "toikhongthichthoitietnay": "Tôi không thích thời tiết này.",
    "banlamgivotroidepnay": "Bạn làm gì với trời đẹp này?",
    "bancodinhdinhanngoaitroikhong": "Bạn có định đi ăn ngoài trời không?",
    "bancodinhdidaokhong": "Bạn có định đi dạo không?",
    "homnaylacuoituannhay": "Hôm nay là cuối tuần nhỉ.",
    "bancoquehoachgichocuoituan": "Bạn có kế hoạch gì cho cuối tuần?",
    "toicokhoanhdinho": "Tôi có kế hoạch đi chơi.",
    "toidinhnghingoioonha": "Tôi định nghỉ ngơi ở nhà.",
    "banmuondichoidoikhong": "Bạn muốn đi chơi không?",
    "banmuondiuongdoikhong": "Bạn muốn đi uống không?",
    "haydiancungnhau": "Hãy đi ăn cùng nhau.",
    "bancothechotoidibangphuongtiencongcong": "Bạn có thể chỉ tôi đi bằng phương tiện công cộng?",
    "gaixegandoiaau": "Ga xe gần đây ở đâu?",
    "tramxebuytganngay": "Trạm xe buýt gần ngay.",
    "lamontoi": "Làm ơn, chờ tôi.",
    "chotoihoi": "Cho tôi hỏi.",
    "toloiduongroi": "Tôi lạc đường rồi.",
    "bantoidaau": "Bạn đã tới đâu?",
    "dichamlaidum": "Đi chậm lại dùm.",
    "maygioancom": "Mấy giờ ăn cơm?",
    "maygioantrua": "Mấy giờ ăn trưa?",
    "maygioantoi": "Mấy giờ ăn tối?",
    "bancohenvikhong": "Bạn có hẹn với ai không?",
    "toicoken": "Tôi có hẹn.",
    "toikhongken": "Tôi không hẹn.",
    "toikhongmuon": "Tôi không muốn.",
    "haylamvieckhocanhh": "Hãy làm việc cẩn thận.",
    "chucbandatduocuocnganh": "Chúc bạn đạt được ước mơ.",
    "chucbandatduocuocnganh": "Chúc bạn đạt được ước mơ.",
    "bancoythich": "Bạn có ý thích.",
    "lamvietoi": "Làm việc tốt.",
    "chucbanthanhcong": "Chúc bạn thành công.",
    "bancan": "Bạn cần.",
    "chobanchut": "Cho bạn chút.",
    "toidangratngu": "Tôi đang rất ngủ.",
    "toikhongratngu": "Tôi không rất ngủ.",
    "toicanchutnghingoi": "Tôi cần chút nghỉ ngơi.",
    "toicandichoi": "Tôi cần đi chơi.",
    "bancothecungtoi": "Bạn có thể cùng tôi.",
    "toithamgia": "Tôi tham gia.",
    "toikhongthamgia": "Tôi không tham gia.",
    "toimuondithamgiabuatieng": "Tôi muốn đi tham gia buổi tiệc.",
    "bancothechonnguoikhong": "Bạn có thể chọn người không?",
    "toichon": "Tôi chọn.",
    "toikhongchon": "Tôi không chọn.",
    "lamontattoi": "Làm ơn, đợi tôi.",
    "toikhongthichgia": "Tôi không thích giả.",
    "toithichthangthat": "Tôi thích thẳng thắn.",
    "dunglo": "Đừng lo.",
    "moithulahoanhao": "Mọi thứ là hoàn hảo.",
    "moithulahoanhao": "Mọi thứ là hoàn hảo.",
    "toiratngacnhien": "Tôi rất ngạc nhiên.",
    "chotoi": "Cho tôi.",
    "banrat": "Bạn rất.",
    "banlamtotlam": "Bạn làm tốt lắm.",
    "bancogang": "Bạn cố gắng.",
    "haythu": "Hãy thử.",
    "toichacchan": "Tôi chắc chắn.",
    "toikhongchacchan": "Tôi không chắc chắn.",
    "haytin": "Hãy tin.",
    "banco": "Bạn có.",
    "toimuon": "Tôi muốn.",
    "toikho": "Tôi có.",
    "banrat": "Bạn rất.",
    "toimusom": "Tôi muốn sớm.",
    "toidanglam": "Tôi đang làm.",
    "toikhonglam": "Tôi không làm.",
    "bancothegiuptoi": "Bạn có thể giúp tôi.",
    "lamoncho": "Làm ơn, cho.",
    "toigratngu": "Tôi rất ngủ.",
    "toikhongratngu": "Tôi không rất ngủ.",
    "banxuat": "Bạn xuất.",
    "banlamrat": "Bạn làm rất.",
    "toirat": "Tôi rất.",
    "banchuyendung": "Bạn chuyên dùng.",
    "toikhong": "Tôi không.",
    "chuyendung": "Chuyên dùng.",
    "banlam": "Bạn làm.",
    "toidanglam": "Tôi đang làm.",
    "toikhonglam": "Tôi không làm.",
    "toihoc": "Tôi học.",
    "toikhonghoc": "Tôi không học.",
    "toidichoi": "Tôi đi chơi.",
    "toikhongdichoi": "Tôi không đi chơi.",
    "toinghingoi": "Tôi nghỉ ngơi.",
    "toikhongnghingoi": "Tôi không nghỉ ngơi.",
    "lamoncho": "Làm ơn, cho.",
    "toikha": "Tôi có.",
    "bancuon": "Bạn cuốn.",
    "toidang": "Tôi đang.",
    "toikhong": "Tôi không.",
    "toiyeu": "Tôi yêu.",
    "bancogiai": "Bạn có giận.",
    "banlamgi": "Bạn làm gì?",
    "toidangdoc": "Tôi đang đọc.",
    "toidangnghe": "Tôi đang nghe.",
    "toidangxem": "Tôi đang xem.",
    "toidanggoi": "Tôi đang gọi.",
    "toidanggui": "Tôi đang gửi.",
    "toidangnhan": "Tôi đang nhận.",
    "bancothe": "Bạn có thể.",
    "chotoi": "Cho tôi.",
    "lamonchotui": "Làm ơn, chờ tôi.",
    "toidang": "Tôi đang.",
    "toikhong": "Tôi không.",
    "toiyeu": "Tôi yêu.",
    "banrat": "Bạn rất.",
    "banlamtot": "Bạn làm tốt.",
    "toithay": "Tôi thấy.",
    "banlam": "Bạn làm.",
    "toikhongbiet": "Tôi không biết.",
    "chotoida": "Cho tôi đã.",
    "banrat": "Bạn rất.",
    "bancun": "Bạn cũng.",
    "toikhong": "Tôi không.",
    "toimusom": "Tôi muốn sớm.",
    "bancothegiup": "Bạn có thể giúp.",
    "lamoncho": "Làm ơn, cho.",
    "toigrat": "Tôi rất.",
    "toikhongrat": "Tôi không rất.",
    "bancan": "Bạn cần.",
    "toimuon": "Tôi muốn.",
    "toikho": "Tôi có.",
    "banrat": "Bạn rất.",
    "banlamrat": "Bạn làm rất.",
    "toirat": "Tôi rất.",
    "bancothe": "Bạn có thể.",
    "toidang": "Tôi đang.",
    "toikhong": "Tôi không.",
    "toiyeu": "Tôi yêu.",
    "bancogiai": "Bạn có giận.",
    "banlamgi": "Bạn làm gì?",
    "toidangdoc": "Tôi đang đọc.",
    "toidangnghe": "Tôi đang nghe.",
    "toidangxem": "Tôi đang xem.",
    "toidanggoi": "Tôi đang gọi.",
    "toidanggui": "Tôi đang gửi.",
    "toidangnhan": "Tôi đang nhận.",
    "bancothe": "Bạn có thể.",
    "chotoi": "Cho tôi.",
    "lamonchotui": "Làm ơn, chờ tôi.",
    "toidang": "Tôi đang.",
    "toikhong": "Tôi không.",
    "toiyeu": "Tôi yêu.",
    "banrat": "Bạn rất.",
    "banlamtot": "Bạn làm tốt.",
    "toithay": "Tôi thấy.",
    "banlam": "Bạn làm.",
    "toikhongbiet": "Tôi không biết.",
    "chotoida": "Cho tôi đã.",
    "banrat": "Bạn rất.",
    "bancun": "Bạn cũng.",
    "toikhong": "Tôi không.",
    "toimusom": "Tôi muốn sớm.",
    "bancothegiup": "Bạn có thể giúp.",
    "lamoncho": "Làm ơn, cho.",
    "toigrat": "Tôi rất.",
    "toikhongrat": "Tôi không rất.",
    "bancan": "Bạn cần.",
    "toimuon": "Tôi muốn.",
    "toikho": "Tôi có.",
    "banrat": "Bạn rất.",
    "banlamrat": "Bạn làm rất.",
    "toirat": "Tôi rất.",
    "bancothe": "Bạn có thể.",
    "toidang": "Tôi đang.",
    "toikhong": "Tôi không.",
    "toiyeu": "Tôi yêu.",
    "bancogiai": "Bạn có giận.",
    "banlamgi": "Bạn làm gì?",
    "toidangdoc": "Tôi đang đọc.",
    "toidangnghe": "Tôi đang nghe.",
    "toidangxem": "Tôi đang xem.",
    "toidanggoi": "Tôi đang gọi.",
    "toidanggui": "Tôi đang gửi.",
    "toidangnhan": "Tôi đang nhận.",
    "bancothe": "Bạn có thể.",
    "chotoi": "Cho tôi.",
    "lamonchotui": "Làm ơn, chờ tôi.",
    "toidang": "Tôi đang.",
    "toikhong": "Tôi không.",
    "toiyeu": "Tôi yêu.",
    "banrat": "Bạn rất.",
    "banlamtot": "Bạn làm tốt.",
    "toithay": "Tôi thấy.",
    "banlam": "Bạn làm.",
    "toikhongbiet": "Tôi không biết.",
    "chotoida": "Cho tôi đã.",
    "banrat": "Bạn rất.",
    "bancun": "Bạn cũng.",
    "toikhong": "Tôi không.",
    "toimusom": "Tôi muốn sớm.",
    "bancothegiup": "Bạn có thể giúp.",
    "lamoncho": "Làm ơn, cho.",
    "toigrat": "Tôi rất.",
    "toikhongrat": "Tôi không rất.",
    "bancan": "Bạn cần.",
    "toimuon": "Tôi muốn.",
    "toikho": "Tôi có.",
    "banrat": "Bạn rất.",
    "banlamrat": "Bạn làm rất.",
    "toirat": "Tôi rất.",
    "bancothe": "Bạn có thể.",
    "toidang": "Tôi đang.",
    "toikhong": "Tôi không.",
    "toiyeu": "Tôi yêu.",
    "bancogiai": "Bạn có giận.",
    "banlamgi": "Bạn làm gì?",
    "toidangdoc": "Tôi đang đọc.",
    "toidangnghe": "Tôi đang nghe.",
    "toidangxem": "Tôi đang xem.",
    "toidanggoi": "Tôi đang gọi.",
    "toidanggui": "Tôi đang gửi.",
    "toidangnhan": "Tôi đang nhận.",
    "bancothe": "Bạn có thể.",
    "chotoi": "Cho tôi.",
    "lamonchotui": "Làm ơn, chờ tôi.",
    "toidang": "Tôi đang.",
    "toikhong": "Tôi không.",
    "toiyeu": "Tôi yêu.",
    "banrat": "Bạn rất.",
    "banlamtot": "Bạn làm tốt.",
    "toithay": "Tôi thấy.",
    "banlam": "Bạn làm.",
    "toikhongbiet": "Tôi không biết.",
    "chotoida": "Cho tôi đã.",
    "banrat": "Bạn rất.",
    "bancun": "Bạn cũng.",
    "toikhong": "Tôi không.",
    "toimusom": "Tôi muốn sớm.",
    "bancothegiup": "Bạn có thể giúp.",
    "lamoncho": "Làm ơn, cho.",
    "toigrat": "Tôi rất.",
    "toikhongrat": "Tôi không rất.",
    "bancan": "Bạn cần.",
    "toimuon": "Tôi muốn.",
    "toikho": "Tôi có.",
    "banrat": "Bạn rất.",
    "banlamrat": "Bạn làm rất.",
    "toirat": "Tôi rất.",
    "bancothe": "Bạn có thể.",
    "toidang": "Tôi đang.",
    "toikhong": "Tôi không.",
    "toiyeu": "Tôi yêu.",
    "bancogiai": "Bạn có giận.",
    "banlamgi": "Bạn làm gì?",
    "toidangdoc": "Tôi đang đọc.",
    "toidangnghe": "Tôi đang nghe.",
    "toidangxem": "Tôi đang xem.",
    "toidanggoi": "Tôi đang gọi.",
    "toidanggui": "Tôi đang gửi.",
    "toidangnhan": "Tôi đang nhận.",
    "bancothe": "Bạn có thể.",
    "chotoi": "Cho tôi.",
    "lamonchotui": "Làm ơn, chờ tôi.",
    "toidang": "Tôi đang.",
    "toikhong": "Tôi không.",
    "toiyeu": "Tôi yêu.",
    "banrat": "Bạn rất.",
    "banlamtot": "Bạn làm tốt.",
    "toithay": "Tôi thấy.",
    "banlam": "Bạn làm.",
    "toikhongbiet": "Tôi không biết.",
    "chotoida": "Cho tôi đã.",
    "banrat": "Bạn rất.",
    "bancun": "Bạn cũng.",
    "toikhong": "Tôi không.",
    "toimusom": "Tôi muốn sớm.",
    "bancothegiup": "Bạn có thể giúp.",
    "lamoncho": "Làm ơn, cho.",
    "toigrat": "Tôi rất.",
    "toikhongrat": "Tôi không rất.",
    "bancan": "Bạn cần.",
    "toimuon": "Tôi muốn.",
    "toikho": "Tôi có.",
    "banrat": "Bạn rất.",
    "banlamrat": "Bạn làm rất.",
    "toirat": "Tôi rất.",
    "bancothe": "Bạn có thể.",
    "toidang": "Tôi đang.",
    "toikhong": "Tôi không.",
    "toiyeu": "Tôi yêu.",
    "bancogiai": "Bạn có giận."
}